{
    "entries": [
        {
            "img": "{{webRoot}}/assets/images/logos/logo-1.svg",
            "name": "Bosch"
        },
        {
            "img": "{{webRoot}}/assets/images/logos/logo-2.svg",
            "name": "Smeg"
        },
        {
            "img": "{{webRoot}}/assets/images/logos/logo-3.svg",
            "name": "Sony"
        },
        {
            "img": "{{webRoot}}/assets/images/logos/logo-4.svg",
            "name": "Siemens"
        },
        {
            "img": "{{webRoot}}/assets/images/logos/logo-5.svg",
            "name": "Coca Cola"
        },
        {
            "img": "{{webRoot}}/assets/images/logos/logo-6.svg",
            "name": "Philips"
        },
        {
            "img": "{{webRoot}}/assets/images/logos/logo-7.svg",
            "name": "Samsung"
        },
        {
            "img": "{{webRoot}}/assets/images/logos/logo-8.svg",
            "name": "Netflix"
        }
    ]
}